{
  "sort": {
    "sequence": "COMBINED",
    "CLEAR": {
      "MOTA": 0.9913212642350809,
      "MOTP": 0.9990047262459197,
      "MODA": 0.9943148506759998,
      "CLR_Re": 0.9943148506759998,
      "CLR_Pr": 1.0,
      "MTR": 1.0,
      "PTR": 0.0,
      "MLR": 0.0,
      "sMOTA": 0.9903316487609108,
      "CLR_TP": 223868,
      "CLR_FN": 1280,
      "CLR_FP": 0,
      "IDSW": 674,
      "MT": 273,
      "PT": 0,
      "ML": 0,
      "Frag": 1366,
      "MOTP_sum": 223645.19005522155,
      "CLR_Frames": 25508
    },
    "HOTA": {
      "HOTA": 0.7872983497905949,
      "DetA": 0.9797819844761883,
      "AssA": 0.6326336778921582,
      "DetRe": 0.9869454291118919,
      "DetPr": 0.9925884426254945,
      "AssRe": 0.6622853005885784,
      "AssPr": 0.8760343730054664,
      "LocA": 0.9968903219872874,
      "OWTA": 0.7901739683629684,
      "HOTA_TP": 4221967,
      "HOTA_FN": 55845,
      "HOTA_FP": 31525
    },
    "Identity": {
      "IDF1": 0.7373723876209312,
      "IDR": 0.7352763515554214,
      "IDP": 0.7394804080976289,
      "IDTP": 165546,
      "IDFN": 59602,
      "IDFP": 58322
    }
  },
  "bytetrack": {
    "sequence": "COMBINED",
    "CLEAR": {
      "MOTA": 0.9951987137349655,
      "MOTP": 0.999030336597675,
      "MODA": 0.9977836800682218,
      "CLR_Re": 0.9977836800682218,
      "CLR_Pr": 1.0,
      "MTR": 1.0,
      "PTR": 0.0,
      "MLR": 0.0,
      "sMOTA": 0.9942311994169661,
      "CLR_TP": 224649,
      "CLR_FN": 499,
      "CLR_FP": 0,
      "IDSW": 582,
      "MT": 273,
      "PT": 0,
      "ML": 0,
      "Frag": 1363,
      "MOTP_sum": 224431.1660863311,
      "CLR_Frames": 25508
    },
    "HOTA": {
      "HOTA": 0.8023647757564114,
      "DetA": 0.9809196371696777,
      "AssA": 0.6563185927429438,
      "DetRe": 0.9892332809389475,
      "DetPr": 0.9914306083572244,
      "AssRe": 0.697258207140079,
      "AssPr": 0.8492873646565157,
      "LocA": 0.9964730348416643,
      "OWTA": 0.8057618439067178,
      "HOTA_TP": 4231754,
      "HOTA_FN": 46058,
      "HOTA_FP": 36577
    },
    "Identity": {
      "IDF1": 0.7664791005720358,
      "IDR": 0.7656297191180912,
      "IDP": 0.7673303687085187,
      "IDTP": 172380,
      "IDFN": 52768,
      "IDFP": 52269
    }
  },
  "ocsort": {
    "sequence": "COMBINED",
    "CLEAR": {
      "MOTA": 0.98265585303889,
      "MOTP": 0.9992828547305508,
      "MODA": 0.9849432373372182,
      "CLR_Re": 0.9849432373372182,
      "CLR_Pr": 1.0,
      "MTR": 0.989010989010989,
      "PTR": 0.01098901098901099,
      "MLR": 0.0,
      "sMOTA": 0.9819495056555575,
      "CLR_TP": 221758,
      "CLR_FN": 3390,
      "CLR_FP": 0,
      "IDSW": 515,
      "MT": 270,
      "PT": 3,
      "ML": 0,
      "Frag": 1341,
      "MOTP_sum": 221598.96729933747,
      "CLR_Frames": 25508
    },
    "HOTA": {
      "HOTA": 0.808048259352444,
      "DetA": 0.9669895605160272,
      "AssA": 0.675240499774279,
      "DetRe": 0.9757742977017223,
      "DetPr": 0.990690895385724,
      "AssRe": 0.7155609868022426,
      "AssPr": 0.8489170009159692,
      "LocA": 0.9962281599247929,
      "OWTA": 0.8117155873427697,
      "HOTA_TP": 4174179,
      "HOTA_FN": 103633,
      "HOTA_FP": 39223
    },
    "Identity": {
      "IDF1": 0.7714194931372593,
      "IDR": 0.7656119530264537,
      "IDP": 0.7773158127327988,
      "IDTP": 172376,
      "IDFN": 52772,
      "IDFP": 49382
    }
  }
}